Color,downloaded_ts,json_generated_ts
green,2026-07-20 12:34:35,2026-07-21 14:21:41
yellow,2026-07-20 12:34:36,2026-07-21 14:21:43
blue,2026-07-20 12:34:36,2026-07-21 14:21:46
red,2026-07-20 15:08:17,2026-07-21 14:21:48
orange,2026-07-20 15:08:18,2026-07-21 14:21:49
purple,2026-07-20 15:08:18,2026-07-21 14:21:52
pink,2026-07-20 15:08:19,2026-07-21 14:21:54
brown,2026-07-20 15:08:20,2026-07-21 14:21:56
black,2026-07-20 15:08:21,2026-07-21 14:21:58
white,2026-07-20 15:08:21,2026-07-21 14:22:01
gray,2026-07-20 15:08:22,2026-07-21 14:22:03
turquoise,2026-07-20 15:08:23,2026-07-21 14:22:05
teal,2026-07-20 15:08:24,2026-07-21 14:22:07
cyan,2026-07-20 15:08:24,2026-07-21 14:22:09
magenta,2026-07-20 15:08:25,2026-07-21 14:22:11
maroon,2026-07-20 15:08:26,2026-07-21 14:22:13
navy,2026-07-20 15:08:27,2026-07-21 14:22:15
olive,2026-07-20 15:08:28,2026-07-21 14:22:21
lime,2026-07-20 15:08:29,2026-07-21 14:22:23
indigo,2026-07-20 15:08:30,2026-07-21 14:22:25
violet,2026-07-20 15:08:30,2026-07-21 15:32:10
gold,2026-07-20 15:08:31,2026-07-21 15:32:13
silver,2026-07-20 15:08:32,2026-07-21 15:32:15
beige,2026-07-20 15:08:33,2026-07-21 15:32:17
tan,2026-07-20 15:08:34,2026-07-21 15:32:19
coral,2026-07-20 15:08:35,2026-07-21 15:32:21
salmon,2026-07-20 15:08:36,2026-07-21 15:32:24
crimson,2026-07-20 15:08:37,2026-07-21 15:32:26
burgundy,2026-07-20 15:08:37,2026-07-21 15:32:28
lavender,2026-07-20 15:08:38,2026-07-21 15:32:30
mint,2026-07-20 15:08:40,2026-07-21 15:32:32
peach,2026-07-20 15:08:40,2026-07-21 15:32:33
ivory,2026-07-20 15:08:42,2026-07-21 15:32:36
charcoal,2026-07-20 15:08:43,2026-07-21 15:32:38
khaki,2026-07-20 15:08:45,2026-07-21 15:32:40
mustard,2026-07-20 15:08:47,2026-07-21 15:32:42
rust,2026-07-20 15:08:48,2026-07-21 15:32:44
plum,2026-07-20 15:08:48,2026-07-21 15:32:46
orchid,2026-07-20 15:08:49,2026-07-21 15:32:48
fuchsia,2026-07-20 15:08:51,2026-07-21 15:32:50
amber,2026-07-20 15:08:51,2026-07-21 15:32:53
emerald,2026-07-20 15:08:52,2026-07-21 15:32:55
sapphire,2026-07-20 15:08:54,2026-07-21 15:32:57
ruby,2026-07-20 15:08:55,2026-07-21 15:32:59
jade,2026-07-20 15:08:56,2026-07-21 15:33:02
aqua,2026-07-20 15:08:57,2026-07-21 15:33:04
periwinkle,2026-07-20 15:08:58,2026-07-21 15:33:06
mauve,2026-07-20 15:09:00,2026-07-21 15:33:08
chartreuse,2026-07-20 15:09:01,
copper,2026-07-20 15:09:02,2026-07-21 15:33:12
bronze,2026-07-20 15:09:04,2026-07-21 15:33:14
slate,2026-07-20 15:09:05,2026-07-21 15:33:16
rose,2026-07-20 15:09:06,2026-07-21 15:33:18
