flower,downloaded_ts,json_generated_ts
rose,2026-07-21 14:23:50,2026-07-21 14:25:13
tulip,2026-07-21 14:23:51,2026-07-21 14:25:16
sunflower,2026-07-21 14:23:53,2026-07-21 14:25:18
daisy,2026-07-21 14:23:54,2026-07-21 14:25:21
lily,2026-07-21 14:23:56,2026-07-21 14:25:23
orchid,2026-07-21 14:23:57,2026-07-21 14:25:26
daffodil,2026-07-21 14:23:59,2026-07-21 14:25:28
marigold,2026-07-21 14:24:01,2026-07-21 14:25:31
carnation,2026-07-21 14:24:03,2026-07-21 14:25:33
hibiscus,2026-07-21 14:24:04,2026-07-21 14:25:36
lotus,2026-07-21 14:24:06,2026-07-21 14:26:22
iris,2026-07-21 14:24:07,2026-07-21 14:26:24
peony,2026-07-21 14:24:09,2026-07-21 14:26:27
chrysanthemum,2026-07-21 14:24:11,2026-07-21 14:26:29
dahlia,2026-07-21 14:24:12,2026-07-21 14:26:32
poppy,2026-07-21 14:24:14,2026-07-21 14:26:34
lavender,2026-07-21 14:24:15,2026-07-21 14:26:37
jasmine,2026-07-21 14:24:17,2026-07-21 14:26:39
hydrangea,2026-07-21 14:24:18,2026-07-21 14:26:41
magnolia,2026-07-21 14:24:20,2026-07-21 14:26:43
azalea,2026-07-21 14:24:22,2026-07-21 14:26:51
buttercup,2026-07-21 14:24:24,2026-07-21 14:26:54
violet,2026-07-21 14:24:25,2026-07-21 14:26:57
pansy,2026-07-21 14:24:27,2026-07-21 14:27:00
snapdragon,2026-07-21 14:24:29,2026-07-21 14:27:01
zinnia,2026-07-21 14:24:32,2026-07-21 14:27:04
gardenia,2026-07-21 14:24:33,
camellia,2026-07-21 14:24:35,2026-07-21 14:27:08
morning glory,2026-07-21 14:24:37,2026-07-21 14:27:10
water lily,2026-07-21 14:24:38,2026-07-21 14:27:12
tiger lily,2026-07-21 14:24:40,2026-07-21 14:27:15
cherry blossom,2026-07-21 14:24:42,2026-07-21 14:27:24
bluebell,2026-07-21 14:24:43,2026-07-21 14:27:26
crocus,2026-07-21 14:24:45,2026-07-21 14:27:29
hyacinth,2026-07-21 14:24:47,2026-07-21 14:27:31
