nature,downloaded_ts,json_generated_ts,description,audio_generated_ts
mountain,2026-07-27 08:48:13,2026-07-27 08:54:51,"A landmass that rises sharply from its surroundings, formed over millions of years by colliding tectonic plates pushing rock skyward. Mount Everest, the tallest peak above sea level, grows about 4 millimeters higher every year as the Indian and Eurasian plates continue to collide.",2026-07-27 08:58:06
volcano,2026-07-27 08:48:14,2026-07-27 08:54:58,"An opening in the Earth's crust that releases molten rock, ash, and gases from deep underground, often building a cone-shaped mountain around itself. There are more than 1,500 potentially active volcanoes on land, and lava can reach temperatures over 1,000 degrees Celsius.",2026-07-27 08:58:07
waterfall,2026-07-27 08:48:15,2026-07-27 08:55:01,"A place where a river or stream drops abruptly over a cliff or ledge, carved out over time as softer rock erodes faster than the hard rock above it. Angel Falls in Venezuela is the world's tallest, with water plunging almost 1,000 meters, turning to mist before it even reaches the bottom.",2026-07-27 08:58:07
glacier,2026-07-27 08:48:16,2026-07-27 08:55:08,"A massive, slow-moving river of densely packed ice and snow that forms over centuries where snowfall exceeds melting. Glaciers hold about 69 percent of the world's fresh water, and some move only a few centimeters a day while others surge tens of meters daily.",2026-07-27 08:58:08
iceberg,2026-07-27 08:48:17,2026-07-27 08:55:13,"A large chunk of freshwater ice that has broken off, or 'calved,' from a glacier or ice shelf and drifts freely in open water. Only about one-tenth of an iceberg shows above the surface, which is why the phrase 'tip of the iceberg' describes a small visible part of a much bigger whole.",2026-07-27 08:58:08
desert,2026-07-27 08:48:18,2026-07-27 08:55:17,"A vast, dry landscape that receives less than 250 millimeters of rain a year, ranging from scorching sand dunes to frozen polar plains. Antarctica is technically the world's largest desert, and the Sahara can swing from over 50 degrees Celsius by day to below freezing at night.",2026-07-27 08:58:09
rainforest,2026-07-27 08:48:19,2026-07-27 08:55:20,"A dense, warm, and extremely wet forest that receives at least 2,000 millimeters of rain annually and hosts more species than any other land habitat. The Amazon rainforest alone is home to an estimated 10 percent of all known species on Earth and produces a huge share of the planet's oxygen.",2026-07-27 08:58:10
canyon,2026-07-27 08:48:20,2026-07-27 08:55:23,"A deep, narrow valley with steep sides, carved slowly over millions of years as a river cuts through layers of rock. The Grand Canyon in Arizona is over 1,800 meters deep in places and exposes rock layers nearly 2 billion years old.",2026-07-27 08:58:10
river,2026-07-27 08:48:21,2026-07-27 08:55:26,"A natural, flowing body of freshwater that travels from higher ground to a lake, sea, or ocean, shaping the land it passes through. The Nile and the Amazon compete for the title of the world's longest river, each stretching more than 6,400 kilometers.",2026-07-27 08:58:11
lake,2026-07-27 08:48:23,2026-07-27 08:55:29,"A large body of water enclosed by land, usually formed by glaciers, tectonic activity, or volcanic craters rather than connecting directly to the ocean. Lake Baikal in Russia is the world's deepest and oldest lake, holding roughly 20 percent of all the planet's unfrozen fresh water.",2026-07-27 08:58:11
ocean,2026-07-27 08:48:23,2026-07-27 08:55:31,"A vast, continuous body of salt water that covers about 71 percent of Earth's surface and is divided into five named basins. Scientists have mapped only a small fraction of the ocean floor in detail, meaning more of the Moon's surface has been charted than the bottom of our own seas.",2026-07-27 08:58:12
beach,2026-07-27 08:48:24,2026-07-27 08:55:33,"A strip of sand, pebbles, or shells along a coastline, reshaped daily by waves and tides that constantly redistribute the loose material. Some beaches, like those on Hawaii's Papakolea, are colored green from tiny olivine crystals washed out of nearby volcanic rock.",2026-07-27 08:58:12
cave,2026-07-27 08:48:25,2026-07-27 08:55:36,"A natural underground hollow, often carved out of limestone over thousands of years as slightly acidic water slowly dissolves the rock. Vietnam's Son Doong cave is so enormous it contains its own jungle, clouds, and weather system inside its passages.",2026-07-27 08:58:13
geyser,2026-07-27 08:48:27,2026-07-27 08:55:38,"A hot spring that periodically erupts, shooting boiling water and steam into the air when pressure builds up in an underground chamber. Yellowstone's Old Faithful erupts every 44 to 125 minutes, reliably enough that it earned its name for punctuality.",2026-07-27 08:58:14
rainbow,2026-07-27 08:48:27,2026-07-27 08:55:40,"An arc of light split into its full spectrum of colors as sunlight refracts and reflects through countless raindrops in the air. No two people ever see exactly the same rainbow, since it forms from a unique angle relative to each viewer's own eyes.",2026-07-27 08:58:14
thunderstorm,2026-07-27 08:48:28,2026-07-27 08:55:42,"A storm that produces both thunder and lightning, forming when warm, moist air rises rapidly and collides with cooler air above. At any given moment, roughly 2,000 thunderstorms are occurring somewhere on Earth, producing about 8 million lightning strikes a day.",2026-07-27 08:58:15
lightning,2026-07-27 08:48:29,2026-07-27 08:55:44,"A giant electrical spark caused by a buildup of static charge inside storm clouds, discharging as a bolt that can stretch for miles. A single lightning bolt can heat the surrounding air to nearly 30,000 Kelvin, roughly five times hotter than the surface of the sun.",2026-07-27 08:58:15
tornado,2026-07-27 08:48:30,2026-07-27 08:55:46,"A violently rotating column of air that stretches from a thunderstorm down to the ground, capable of winds over 300 kilometers per hour. The United States sees more tornadoes than any other country, averaging over 1,000 a year in a region nicknamed Tornado Alley.",2026-07-27 08:58:16
hurricane,2026-07-27 08:48:31,2026-07-27 08:55:48,"A massive rotating storm that forms over warm ocean water, with a calm 'eye' at its center surrounded by intense wind and rain. The same storm type is called a typhoon in the Northwest Pacific and a cyclone in the South Pacific and Indian Ocean, even though it's meteorologically identical.",2026-07-27 08:58:16
avalanche,2026-07-27 08:48:33,2026-07-27 08:55:50,"A rapid flow of snow down a mountainside, often triggered by a sudden stress like fresh snowfall, wind, or the weight of a skier. A large avalanche can move at speeds exceeding 100 kilometers per hour and carry enough force to snap fully grown trees.",2026-07-27 08:58:17
aurora,2026-07-27 08:48:34,2026-07-27 08:55:52,"A natural light display in the polar sky, caused by charged particles from the sun colliding with gases in Earth's atmosphere. The green glow most often seen comes from oxygen atoms roughly 100 kilometers up, while rarer red and blue hues form at different altitudes.",2026-07-27 08:58:18
eclipse,2026-07-27 08:48:36,2026-07-27 08:55:54,"An event where one celestial body passes into the shadow of another, briefly blocking out the sun or darkening the moon. Total solar eclipses are possible only because the sun happens to be about 400 times larger than the moon and also about 400 times farther away.",2026-07-27 08:58:18
sunrise,2026-07-27 08:48:37,2026-07-27 08:55:56,"The daily moment the sun first appears above the horizon, its light scattered into warm reds and oranges by the thick layer of atmosphere it passes through. Because Earth rotates west to east, sunrise always happens earlier the farther east you travel.",2026-07-27 08:58:19
sunset,2026-07-27 08:48:38,2026-07-27 08:55:58,"The daily moment the sun dips below the horizon, painting the sky in shifting colors as its light travels through more atmosphere than at midday. Sunsets often turn especially vivid after volcanic eruptions, when fine ash lingering high in the atmosphere scatters extra light.",2026-07-27 08:58:19
fog,2026-07-27 08:48:38,2026-07-27 08:56:00,"A cloud that forms at ground level when moist air cools enough for water vapor to condense into tiny floating droplets. San Francisco's famous fog, nicknamed 'Karl,' forms when warm inland air draws cool, moist ocean air across the bay.",2026-07-27 08:58:20
blizzard,2026-07-27 08:48:40,2026-07-27 08:56:02,A severe snowstorm defined by sustained winds of at least 56 kilometers per hour and visibility reduced to less than 400 meters. The Great Blizzard of 1888 buried parts of the northeastern United States under snowdrifts more than 12 meters deep in places.,2026-07-27 08:58:20
hailstorm,2026-07-27 08:48:41,2026-07-27 08:56:05,"A storm that drops balls of ice formed when strong updrafts carry raindrops up into freezing layers of a thunderstorm again and again. The largest hailstone ever recorded fell in South Dakota in 2010, measuring about 20 centimeters across, roughly the size of a volleyball.",2026-07-27 08:58:21
sandstorm,2026-07-27 08:48:44,2026-07-27 08:56:07,"A wall of wind-blown sand and dust that can reduce visibility to near zero, common in deserts where loose, dry sediment covers the ground. Saharan sandstorms are so massive they regularly cross the Atlantic Ocean, depositing nutrient-rich dust onto the Amazon rainforest thousands of kilometers away.",2026-07-27 08:58:22
tsunami,2026-07-27 08:48:45,2026-07-27 08:56:10,"A series of powerful ocean waves usually triggered by an underwater earthquake, volcanic eruption, or landslide displacing huge volumes of water. In the open ocean a tsunami may be barely noticeable, but it can slow down and rise to tens of meters high as it reaches shallow coastal water.",2026-07-27 08:58:22
coral reef,2026-07-27 08:48:46,2026-07-27 08:56:12,"An underwater structure built by colonies of tiny animals called coral polyps, which secrete calcium carbonate skeletons over generations. Australia's Great Barrier Reef is the largest living structure on Earth and supports thousands of species of fish and other marine life.",2026-07-27 08:58:23
tide pool,2026-07-27 08:48:47,2026-07-27 08:56:15,"A shallow pool of seawater left behind in rocky coastal crevices when the tide goes out, forming a self-contained miniature ecosystem. Animals living there, like sea stars and anemones, must survive both crashing waves and being exposed to open air twice a day.",2026-07-27 08:58:23
wetland,2026-07-27 08:48:49,2026-07-27 08:56:18,"A landscape saturated with water for at least part of the year, including marshes, swamps, and bogs that filter pollutants naturally. Despite covering only about 6 percent of Earth's land surface, wetlands support a disproportionately large share of the world's plant and animal species.",2026-07-27 08:58:24
savanna,2026-07-27 08:48:50,2026-07-27 08:56:20,"A grassy plain scattered with occasional trees, found in tropical regions with a long dry season and a shorter, intense wet season. Africa's savannas support some of the largest land-migrating herds on Earth, including wildebeest treks of over a million animals.",2026-07-27 08:58:25
tundra,2026-07-27 08:48:51,2026-07-27 08:56:23,"A cold, treeless landscape found near the poles or atop high mountains, underlain by a permanently frozen layer of soil called permafrost. Despite the harsh climate, tundra summers can burst with color as hundreds of plant species bloom and complete their life cycle within just a few short weeks.",2026-07-27 08:58:25
meadow,2026-07-27 08:48:52,2026-07-27 08:56:25,"An open grassland maintained by grazing, mowing, or natural conditions that keep large trees from taking over. Meadows often support a striking number of pollinator species, since wildflowers can thrive without a tree canopy blocking out the sun.",2026-07-27 08:58:26
valley,2026-07-27 08:48:52,2026-07-27 08:56:27,"A low area of land between hills or mountains, most often carved out gradually by a river or, in colder climates, by a slow-moving glacier. Valleys carved by glaciers typically have a distinctive U-shape, while those cut by rivers over time tend to form a narrower V-shape.",2026-07-27 08:58:26
plateau,2026-07-27 08:48:54,2026-07-27 08:56:30,"A flat area of high ground that rises sharply above the surrounding land on at least one side, sometimes called a tableland. The Tibetan Plateau, the largest and highest in the world, is nicknamed 'the roof of the world' and covers an area roughly five times the size of France.",2026-07-27 08:58:27
cliff,2026-07-27 08:48:55,2026-07-27 08:56:33,"A steep, near-vertical rock face, usually formed where erosion wears away softer material faster than the harder rock left standing. The Cliffs of Moher in Ireland tower up to 214 meters above the Atlantic and were shaped over 320 million years by layers of ancient sediment.",2026-07-27 08:58:27
fjord,2026-07-27 08:48:57,2026-07-27 08:56:35,"A long, narrow inlet with steep sides, carved by a glacier that later flooded with seawater once the ice retreated. Norway's Sognefjord stretches 205 kilometers inland and plunges more than 1,300 meters below the surface at its deepest point.",2026-07-27 08:58:28
oasis,2026-07-27 08:48:58,2026-07-27 08:56:38,"A fertile, green pocket in the middle of a desert, sustained by an underground spring or aquifer that reaches the surface. Desert oases have supported human travelers and trade caravans for thousands of years, acting as vital rest stops along ancient routes like the Silk Road.",2026-07-27 08:58:29
hot spring,2026-07-27 08:48:59,2026-07-27 08:56:41,"A natural pool of water heated underground by geothermal energy and pushed to the surface, often rich in dissolved minerals. Japan has thousands of hot springs, called onsen, and some are even used by wild snow monkeys to keep warm through freezing winters.",2026-07-27 08:58:29
sinkhole,2026-07-27 08:49:01,,"A sudden depression or hole in the ground that forms when underlying rock, often limestone, dissolves and the surface above collapses. Some sinkholes appear gradually over years, while others open up in seconds, occasionally swallowing cars or buildings with almost no warning.",2026-07-27 08:58:30
dune,2026-07-27 08:49:03,2026-07-27 08:56:44,"A mound or ridge of sand built up by wind, constantly shifting shape as grains are picked up on one side and dropped on the other. Some desert dunes, known as 'singing' or 'booming' dunes, produce a deep humming sound when sand cascades down their slopes.",2026-07-27 08:58:30
forest,2026-07-27 08:49:04,2026-07-27 08:56:46,"A large area densely covered in trees, forming layered habitats from the forest floor up through the understory and canopy. Forests cover roughly 31 percent of Earth's land area and absorb about a quarter of the carbon dioxide humans emit each year.",2026-07-27 08:58:31
jungle,2026-07-27 08:49:05,2026-07-27 08:56:49,"A hot, humid, and densely tangled forest with thick undergrowth, typically found where more sunlight reaches ground level than in deep rainforest. Because light penetrates further, jungles grow far denser vine and shrub cover close to the ground, which is why they're so much harder to move through.",2026-07-27 08:58:31
swamp,2026-07-27 08:49:07,2026-07-27 08:56:52,"A forested wetland where trees and shrubs grow directly in standing or slow-moving water for much of the year. Louisiana's cypress swamps host trees over 1,000 years old, their trunks flared wide at the base to stay stable in the soft, waterlogged ground.",2026-07-27 08:58:32
delta,2026-07-27 08:49:08,2026-07-27 08:56:54,"A landform of sediment deposited where a river slows down and spreads out as it meets a lake or the sea, often fanning into multiple channels. The Ganges Delta is the largest in the world, and its constant sediment deposits keep pushing the coastline further out to sea each year.",2026-07-27 08:58:33
archipelago,2026-07-27 08:49:10,2026-07-27 08:56:57,"A chain or cluster of many islands scattered across a body of water, often formed by volcanic activity or rising sea levels flooding a mountain range. Indonesia is the world's largest archipelago, made up of more than 17,000 islands, only about 6,000 of which are inhabited.",2026-07-27 08:58:33
peninsula,2026-07-27 08:49:12,2026-07-27 08:56:59,"A piece of land almost entirely surrounded by water but still connected to a larger landmass by a narrow strip. The word comes from the Latin 'paene insula,' meaning 'almost an island,' and Florida is one of the best-known examples in the United States.",2026-07-27 08:58:34
lighthouse,2026-07-27 08:49:13,2026-07-27 08:57:02,"A tower built along dangerous coastlines and harbors to guide ships safely at night using a powerful rotating light. Each lighthouse historically flashed its own unique light pattern so sailors could identify their exact location, long before GPS existed.",2026-07-27 08:58:34
