shape,col2,json_generated_ts
circle,2026-07-19 14:38:06,2026-07-21 14:16:36
triangle,2026-07-19 14:38:07,2026-07-21 14:16:38
square,2026-07-19 14:38:08,2026-07-21 14:16:40
rectangle,2026-07-19 14:38:08,2026-07-21 14:16:43
pentagon,2026-07-19 14:38:10,2026-07-21 14:16:45
hexagon,2026-07-19 19:00:08,2026-07-21 14:16:47
heptagon,2026-07-19 19:00:08,
octagon,2026-07-19 19:00:10,2026-07-21 14:16:49
nonagon,2026-07-19 19:00:11,
decagon,2026-07-19 19:00:11,
oval,2026-07-19 19:00:13,2026-07-21 14:16:51
rhombus,2026-07-19 19:00:14,2026-07-21 14:16:54
trapezoid,2026-07-19 19:00:15,
parallelogram,2026-07-19 19:00:17,
star,2026-07-19 19:00:17,2026-07-21 14:16:59
crescent,2026-07-19 19:00:19,2026-07-21 14:17:01
